id,firstname,lastname,email,profession
100,Ada,Berne,Ada.Berne@yopmail.com,firefighter
101,Britte,Jotham,Britte.Jotham@yopmail.com,firefighter
102,Mara,Saint,Mara.Saint@yopmail.com,police officer
103,Heddie,Letsou,Heddie.Letsou@yopmail.com,police officer
104,Ayn,Carbo,Ayn.Carbo@yopmail.com,worker
105,Etta,Avi,Etta.Avi@yopmail.com,developer
106,Aigneis,Raffo,Aigneis.Raffo@yopmail.com,police officer
107,Loree,Karylin,Loree.Karylin@yopmail.com,police officer
108,Kayla,Eben,Kayla.Eben@yopmail.com,developer
109,Candi,Glenden,Candi.Glenden@yopmail.com,worker
110,Anica,Millda,Anica.Millda@yopmail.com,worker
111,Nariko,Connelly,Nariko.Connelly@yopmail.com,developer
112,Zondra,Melan,Zondra.Melan@yopmail.com,police officer
113,Vita,Infield,Vita.Infield@yopmail.com,developer
114,Nananne,Felecia,Nananne.Felecia@yopmail.com,firefighter
115,Aili,Stilwell,Aili.Stilwell@yopmail.com,developer
116,Melodie,Ingra,Melodie.Ingra@yopmail.com,worker
117,Gretal,Daegal,Gretal.Daegal@yopmail.com,worker
118,Tomasina,Vastah,Tomasina.Vastah@yopmail.com,developer
119,Vevay,Hepsibah,Vevay.Hepsibah@yopmail.com,firefighter
120,Mahalia,Craggie,Mahalia.Craggie@yopmail.com,police officer
121,Brietta,Fiester,Brietta.Fiester@yopmail.com,developer
122,Mureil,Rozanna,Mureil.Rozanna@yopmail.com,doctor
123,Gerrie,Linehan,Gerrie.Linehan@yopmail.com,firefighter
124,Peri,Skell,Peri.Skell@yopmail.com,police officer
125,Tilly,Evangelia,Tilly.Evangelia@yopmail.com,firefighter
126,Tami,Jotham,Tami.Jotham@yopmail.com,firefighter
127,Raquela,Buffum,Raquela.Buffum@yopmail.com,doctor
128,Chickie,Ochs,Chickie.Ochs@yopmail.com,worker
129,Zaria,Estella,Zaria.Estella@yopmail.com,worker
130,Fidelia,Thar,Fidelia.Thar@yopmail.com,worker
131,Dolli,Engdahl,Dolli.Engdahl@yopmail.com,firefighter
132,Hallie,Mich,Hallie.Mich@yopmail.com,developer
133,Elmira,Orlene,Elmira.Orlene@yopmail.com,firefighter
134,Valera,Lea,Valera.Lea@yopmail.com,developer
135,Nickie,Fiester,Nickie.Fiester@yopmail.com,doctor
136,Libbie,Palocz,Libbie.Palocz@yopmail.com,firefighter
137,Louella,Cottle,Louella.Cottle@yopmail.com,doctor
138,Hope,Tiffa,Hope.Tiffa@yopmail.com,firefighter
139,Taffy,Mintz,Taffy.Mintz@yopmail.com,doctor
140,Elfreda,Joachim,Elfreda.Joachim@yopmail.com,developer
141,Hope,Dielu,Hope.Dielu@yopmail.com,developer
142,Marika,Tayib,Marika.Tayib@yopmail.com,firefighter
143,Doro,Brandice,Doro.Brandice@yopmail.com,doctor
144,Beverley,Albertine,Beverley.Albertine@yopmail.com,developer
145,Ida,Kaja,Ida.Kaja@yopmail.com,developer
146,Helena,Tjon,Helena.Tjon@yopmail.com,developer
147,Kassey,Center,Kassey.Center@yopmail.com,firefighter
148,Judy,Docilla,Judy.Docilla@yopmail.com,police officer
149,Kial,Harday,Kial.Harday@yopmail.com,doctor
150,Letizia,Isacco,Letizia.Isacco@yopmail.com,police officer
151,Dari,Roscoe,Dari.Roscoe@yopmail.com,firefighter
152,Dagmar,Jacobah,Dagmar.Jacobah@yopmail.com,firefighter
153,Janeczka,Eugenia,Janeczka.Eugenia@yopmail.com,worker
154,Mallory,Wilona,Mallory.Wilona@yopmail.com,worker
155,Susan,MacIntosh,Susan.MacIntosh@yopmail.com,police officer
156,Genevra,Han,Genevra.Han@yopmail.com,developer
157,Helena,Francyne,Helena.Francyne@yopmail.com,worker
158,Penelopa,Bevin,Penelopa.Bevin@yopmail.com,developer
159,Elie,Tound,Elie.Tound@yopmail.com,police officer
160,Lesly,Latini,Lesly.Latini@yopmail.com,police officer
161,Ardys,Bollay,Ardys.Bollay@yopmail.com,worker
162,Goldie,Pond,Goldie.Pond@yopmail.com,worker
163,Lynea,Regan,Lynea.Regan@yopmail.com,firefighter
164,Gisela,Pelagias,Gisela.Pelagias@yopmail.com,firefighter
165,Hermione,Turne,Hermione.Turne@yopmail.com,firefighter
166,Tabbatha,Susannah,Tabbatha.Susannah@yopmail.com,developer
167,Priscilla,Emerson,Priscilla.Emerson@yopmail.com,police officer
168,Trudie,Yuille,Trudie.Yuille@yopmail.com,worker
169,Miquela,Stilwell,Miquela.Stilwell@yopmail.com,doctor
170,Ana,Cecile,Ana.Cecile@yopmail.com,firefighter
171,Danika,Lay,Danika.Lay@yopmail.com,developer
172,Luci,Grayce,Luci.Grayce@yopmail.com,police officer
173,Jaclyn,Harl,Jaclyn.Harl@yopmail.com,police officer
174,Jasmina,Aurelio,Jasmina.Aurelio@yopmail.com,developer
175,Randa,Dowski,Randa.Dowski@yopmail.com,police officer
176,Lesly,Olympium,Lesly.Olympium@yopmail.com,doctor
177,Celisse,Merat,Celisse.Merat@yopmail.com,developer
178,Joy,Katrine,Joy.Katrine@yopmail.com,worker
179,Sindee,Lail,Sindee.Lail@yopmail.com,developer
180,Amalie,Aida,Amalie.Aida@yopmail.com,police officer
181,Cindelyn,Amadas,Cindelyn.Amadas@yopmail.com,developer
182,Alisha,Rosemary,Alisha.Rosemary@yopmail.com,doctor
183,Flory,Rese,Flory.Rese@yopmail.com,firefighter
184,Daune,Kalinda,Daune.Kalinda@yopmail.com,firefighter
185,Vanessa,Greyson,Vanessa.Greyson@yopmail.com,firefighter
186,Cathyleen,Selway,Cathyleen.Selway@yopmail.com,firefighter
187,Sheelagh,Liebermann,Sheelagh.Liebermann@yopmail.com,doctor
188,Xylina,Frodi,Xylina.Frodi@yopmail.com,worker
189,Darci,Parette,Darci.Parette@yopmail.com,police officer
190,Cherilyn,Belanger,Cherilyn.Belanger@yopmail.com,doctor
191,Nelle,Idelia,Nelle.Idelia@yopmail.com,worker
192,Elora,Eachern,Elora.Eachern@yopmail.com,worker
193,Nikki,Vivle,Nikki.Vivle@yopmail.com,police officer
194,Beverley,Longfellow,Beverley.Longfellow@yopmail.com,doctor
195,Evita,Roxanna,Evita.Roxanna@yopmail.com,developer
196,Miquela,Sacken,Miquela.Sacken@yopmail.com,firefighter
197,Kial,Gilbertson,Kial.Gilbertson@yopmail.com,developer
198,Johna,Ilka,Johna.Ilka@yopmail.com,developer
199,Mignon,Wenda,Mignon.Wenda@yopmail.com,worker
200,Joceline,Dalli,Joceline.Dalli@yopmail.com,police officer
201,Robinia,Nicoline,Robinia.Nicoline@yopmail.com,worker
202,Deloria,Levey,Deloria.Levey@yopmail.com,worker
203,Beverley,Wallis,Beverley.Wallis@yopmail.com,developer
204,Stacey,Manolo,Stacey.Manolo@yopmail.com,worker
205,Corene,Fabiola,Corene.Fabiola@yopmail.com,doctor
206,Pamella,Bertold,Pamella.Bertold@yopmail.com,doctor
207,Gwenneth,Garlinda,Gwenneth.Garlinda@yopmail.com,worker
208,Ekaterina,Bari,Ekaterina.Bari@yopmail.com,developer
209,Diena,Bashemeth,Diena.Bashemeth@yopmail.com,doctor
210,Roxane,Bertold,Roxane.Bertold@yopmail.com,worker
211,Kathy,Audly,Kathy.Audly@yopmail.com,firefighter
212,Aaren,Fadiman,Aaren.Fadiman@yopmail.com,doctor
213,Leona,Anselmi,Leona.Anselmi@yopmail.com,developer
214,Beverley,Harned,Beverley.Harned@yopmail.com,developer
215,Chloris,Eckblad,Chloris.Eckblad@yopmail.com,doctor
216,Yolane,Pond,Yolane.Pond@yopmail.com,firefighter
217,Lorie,Capello,Lorie.Capello@yopmail.com,developer
218,Caryl,Celestine,Caryl.Celestine@yopmail.com,police officer
219,Ariela,Buckler,Ariela.Buckler@yopmail.com,police officer
220,Feliza,Tamsky,Feliza.Tamsky@yopmail.com,firefighter
221,Joleen,Glovsky,Joleen.Glovsky@yopmail.com,police officer
222,Heida,Regan,Heida.Regan@yopmail.com,doctor
223,Karlee,Melan,Karlee.Melan@yopmail.com,police officer
224,Aaren,Florina,Aaren.Florina@yopmail.com,police officer
225,Karlee,Byrne,Karlee.Byrne@yopmail.com,developer
226,Christian,Dorine,Christian.Dorine@yopmail.com,developer
227,Rayna,Fiester,Rayna.Fiester@yopmail.com,developer
228,Marsiella,Brunell,Marsiella.Brunell@yopmail.com,firefighter
229,Vita,Dreda,Vita.Dreda@yopmail.com,developer
230,Kore,Niccolo,Kore.Niccolo@yopmail.com,worker
231,Audrie,Edison,Audrie.Edison@yopmail.com,police officer
232,Melanie,Cullin,Melanie.Cullin@yopmail.com,worker
233,Margarette,Grayce,Margarette.Grayce@yopmail.com,developer
234,Sandie,Liebermann,Sandie.Liebermann@yopmail.com,firefighter
235,Hallie,Nunci,Hallie.Nunci@yopmail.com,worker
236,Lynnea,Ferrell,Lynnea.Ferrell@yopmail.com,police officer
237,Mahalia,Brandice,Mahalia.Brandice@yopmail.com,firefighter
238,Annice,Sidonius,Annice.Sidonius@yopmail.com,police officer
239,Madalyn,Yam,Madalyn.Yam@yopmail.com,police officer
240,Modestia,Ophelia,Modestia.Ophelia@yopmail.com,developer
241,Darci,Socha,Darci.Socha@yopmail.com,developer
242,Elbertina,Hylan,Elbertina.Hylan@yopmail.com,developer
243,Winifred,Florina,Winifred.Florina@yopmail.com,developer
244,Gusty,Allare,Gusty.Allare@yopmail.com,police officer
245,Danny,Lorenz,Danny.Lorenz@yopmail.com,firefighter
246,Esmeralda,Buffum,Esmeralda.Buffum@yopmail.com,worker
247,Katleen,Herrera,Katleen.Herrera@yopmail.com,developer
248,Justinn,Pattin,Justinn.Pattin@yopmail.com,firefighter
249,Mireielle,Matthew,Mireielle.Matthew@yopmail.com,worker
250,Rosaline,Lorenz,Rosaline.Lorenz@yopmail.com,worker
251,Fanchon,Pernick,Fanchon.Pernick@yopmail.com,developer
252,Aimil,Lattie,Aimil.Lattie@yopmail.com,police officer
253,Deloria,Alwin,Deloria.Alwin@yopmail.com,worker
254,Elyssa,Clie,Elyssa.Clie@yopmail.com,doctor
255,Amara,Elbertina,Amara.Elbertina@yopmail.com,developer
256,Corry,Llovera,Corry.Llovera@yopmail.com,worker
257,Farrah,Winthorpe,Farrah.Winthorpe@yopmail.com,firefighter
258,Kate,Belldas,Kate.Belldas@yopmail.com,worker
259,Reeba,Ioab,Reeba.Ioab@yopmail.com,police officer
260,Di,Baptlsta,Di.Baptlsta@yopmail.com,developer
261,Tami,Tatianas,Tami.Tatianas@yopmail.com,developer
262,Glenda,Fancie,Glenda.Fancie@yopmail.com,developer
263,Tamqrah,Zola,Tamqrah.Zola@yopmail.com,police officer
264,Jessamyn,Emanuel,Jessamyn.Emanuel@yopmail.com,firefighter
265,Drucie,Craggie,Drucie.Craggie@yopmail.com,developer
266,Leia,Boehike,Leia.Boehike@yopmail.com,doctor
267,Heddie,Pillsbury,Heddie.Pillsbury@yopmail.com,worker
268,Rebeca,Masao,Rebeca.Masao@yopmail.com,firefighter
269,Elmira,Bivins,Elmira.Bivins@yopmail.com,worker
270,Nyssa,Frendel,Nyssa.Frendel@yopmail.com,worker
271,Tilly,Lowry,Tilly.Lowry@yopmail.com,firefighter
272,Rozele,Seumas,Rozele.Seumas@yopmail.com,worker
273,Lesly,Cornelia,Lesly.Cornelia@yopmail.com,developer
274,Sharai,Madox,Sharai.Madox@yopmail.com,worker
275,Sallie,Zachary,Sallie.Zachary@yopmail.com,firefighter
276,Caryl,Penelopa,Caryl.Penelopa@yopmail.com,police officer
277,Blondelle,Peti,Blondelle.Peti@yopmail.com,doctor
278,Lory,Clara,Lory.Clara@yopmail.com,firefighter
279,Tressa,Si,Tressa.Si@yopmail.com,doctor
280,Sharlene,Khorma,Sharlene.Khorma@yopmail.com,developer
281,Ivett,Guildroy,Ivett.Guildroy@yopmail.com,developer
282,Emma,Stover,Emma.Stover@yopmail.com,developer
283,Lusa,Saint,Lusa.Saint@yopmail.com,worker
284,Johna,Helve,Johna.Helve@yopmail.com,worker
285,Aubrie,Dreda,Aubrie.Dreda@yopmail.com,worker
286,Dede,Henrie,Dede.Henrie@yopmail.com,doctor
287,Trixi,Hubert,Trixi.Hubert@yopmail.com,doctor
288,Shaine,Thar,Shaine.Thar@yopmail.com,developer
289,Roseline,Roscoe,Roseline.Roscoe@yopmail.com,firefighter
290,Kimberley,Rad,Kimberley.Rad@yopmail.com,worker
291,Malina,Garrison,Malina.Garrison@yopmail.com,police officer
292,Coral,Raul,Coral.Raul@yopmail.com,police officer
293,Daune,Warthman,Daune.Warthman@yopmail.com,worker
294,Randa,Dex,Randa.Dex@yopmail.com,doctor
295,Paulita,Heidt,Paulita.Heidt@yopmail.com,developer
296,Allis,Nadia,Allis.Nadia@yopmail.com,firefighter
297,Consuela,Raffo,Consuela.Raffo@yopmail.com,worker
298,Trudie,Cleavland,Trudie.Cleavland@yopmail.com,police officer
299,Angelique,Trey,Angelique.Trey@yopmail.com,firefighter
300,Andree,Baudin,Andree.Baudin@yopmail.com,developer
301,Laurene,Munn,Laurene.Munn@yopmail.com,police officer
302,Tarra,Brackely,Tarra.Brackely@yopmail.com,developer
303,Edyth,Carleen,Edyth.Carleen@yopmail.com,worker
304,Bobbi,Denis,Bobbi.Denis@yopmail.com,developer
305,Paulita,Shirberg,Paulita.Shirberg@yopmail.com,doctor
306,Maye,Faust,Maye.Faust@yopmail.com,worker
307,Dione,Joli,Dione.Joli@yopmail.com,police officer
308,Antonietta,Mich,Antonietta.Mich@yopmail.com,worker
309,Yvonne,Curren,Yvonne.Curren@yopmail.com,doctor
310,Sidoney,Afton,Sidoney.Afton@yopmail.com,worker
311,Anestassia,Dulciana,Anestassia.Dulciana@yopmail.com,police officer
312,Starla,Rosemary,Starla.Rosemary@yopmail.com,firefighter
313,Brietta,Ellord,Brietta.Ellord@yopmail.com,police officer
314,Antonietta,Pettiford,Antonietta.Pettiford@yopmail.com,firefighter
315,Kayla,Nadia,Kayla.Nadia@yopmail.com,worker
316,Sharai,Lilas,Sharai.Lilas@yopmail.com,police officer
317,Ruthe,Carbo,Ruthe.Carbo@yopmail.com,firefighter
318,Annora,Dreda,Annora.Dreda@yopmail.com,worker
319,Gilda,Ricarda,Gilda.Ricarda@yopmail.com,developer
320,Tami,Codding,Tami.Codding@yopmail.com,police officer
321,Jeanna,Merell,Jeanna.Merell@yopmail.com,police officer
322,Beatriz,Birdella,Beatriz.Birdella@yopmail.com,developer
323,Doralynne,Phyllis,Doralynne.Phyllis@yopmail.com,developer
324,Collen,Eckblad,Collen.Eckblad@yopmail.com,worker
325,Gilda,Sikorski,Gilda.Sikorski@yopmail.com,developer
326,Neila,Douglass,Neila.Douglass@yopmail.com,doctor
327,Kellen,Hailee,Kellen.Hailee@yopmail.com,developer
328,Gavrielle,Fiester,Gavrielle.Fiester@yopmail.com,developer
329,Laurene,Dudley,Laurene.Dudley@yopmail.com,police officer
330,Tilly,Elvyn,Tilly.Elvyn@yopmail.com,firefighter
331,Minne,Malina,Minne.Malina@yopmail.com,worker
332,Kayla,Rustice,Kayla.Rustice@yopmail.com,developer
333,Selia,Parette,Selia.Parette@yopmail.com,worker
334,Tamqrah,Lesley,Tamqrah.Lesley@yopmail.com,police officer
335,Roslyn,Orelee,Roslyn.Orelee@yopmail.com,worker
336,Giustina,Oster,Giustina.Oster@yopmail.com,police officer
337,Margalo,Milde,Margalo.Milde@yopmail.com,doctor
338,Maridel,Bevin,Maridel.Bevin@yopmail.com,doctor
339,Gabi,Gombach,Gabi.Gombach@yopmail.com,worker
340,Marcy,Ashok,Marcy.Ashok@yopmail.com,worker
341,Binny,Colleen,Binny.Colleen@yopmail.com,police officer
342,Pamella,Brittani,Pamella.Brittani@yopmail.com,worker
343,Alie,Socha,Alie.Socha@yopmail.com,firefighter
344,Gisela,Ariella,Gisela.Ariella@yopmail.com,police officer
345,Rivalee,Juliet,Rivalee.Juliet@yopmail.com,developer
346,Neila,Aprile,Neila.Aprile@yopmail.com,firefighter
347,Drucie,Urania,Drucie.Urania@yopmail.com,developer
348,Bertine,Marcellus,Bertine.Marcellus@yopmail.com,developer
349,Marguerite,Yorick,Marguerite.Yorick@yopmail.com,worker
350,Debee,Arley,Debee.Arley@yopmail.com,developer
351,Roz,Sekofski,Roz.Sekofski@yopmail.com,police officer
352,Konstance,Gilbertson,Konstance.Gilbertson@yopmail.com,firefighter
353,Dominga,Norrie,Dominga.Norrie@yopmail.com,developer
354,Lynnea,Muriel,Lynnea.Muriel@yopmail.com,worker
355,Marita,Brotherson,Marita.Brotherson@yopmail.com,worker
356,Kerrin,Fennessy,Kerrin.Fennessy@yopmail.com,firefighter
357,Sonni,Ochs,Sonni.Ochs@yopmail.com,worker
358,Sam,Swanhildas,Sam.Swanhildas@yopmail.com,developer
359,Karina,Boehike,Karina.Boehike@yopmail.com,developer
360,Hayley,Billye,Hayley.Billye@yopmail.com,worker
361,Lusa,Avi,Lusa.Avi@yopmail.com,developer
362,Ardys,Merriott,Ardys.Merriott@yopmail.com,developer
363,Charmaine,Fillbert,Charmaine.Fillbert@yopmail.com,worker
364,Fredericka,Zachary,Fredericka.Zachary@yopmail.com,firefighter
365,Joleen,Ruvolo,Joleen.Ruvolo@yopmail.com,firefighter
366,Madeleine,Jalbert,Madeleine.Jalbert@yopmail.com,police officer
367,Evaleen,Toor,Evaleen.Toor@yopmail.com,doctor
368,Shell,Markman,Shell.Markman@yopmail.com,police officer
369,Molli,Madaih,Molli.Madaih@yopmail.com,worker
370,Meghann,Armanda,Meghann.Armanda@yopmail.com,police officer
371,Gerianna,Paton,Gerianna.Paton@yopmail.com,developer
372,Helena,Hoban,Helena.Hoban@yopmail.com,firefighter
373,Bee,Robertson,Bee.Robertson@yopmail.com,doctor
374,Sophia,Shelba,Sophia.Shelba@yopmail.com,police officer
375,Randa,Ashely,Randa.Ashely@yopmail.com,firefighter
376,Nariko,Marden,Nariko.Marden@yopmail.com,firefighter
377,Gretal,Neils,Gretal.Neils@yopmail.com,police officer
378,Joeann,Keily,Joeann.Keily@yopmail.com,doctor
379,Meg,Ilka,Meg.Ilka@yopmail.com,police officer
380,Constance,Joseph,Constance.Joseph@yopmail.com,doctor
381,Shaylyn,Niles,Shaylyn.Niles@yopmail.com,worker
382,Corene,Gregrory,Corene.Gregrory@yopmail.com,firefighter
383,Adriana,Baudin,Adriana.Baudin@yopmail.com,police officer
384,Joceline,Friede,Joceline.Friede@yopmail.com,police officer
385,Talya,Muriel,Talya.Muriel@yopmail.com,doctor
386,Eolanda,Sundin,Eolanda.Sundin@yopmail.com,police officer
387,Aimil,Annabella,Aimil.Annabella@yopmail.com,worker
388,Annecorinne,Jorgan,Annecorinne.Jorgan@yopmail.com,developer
389,Cordi,Morrill,Cordi.Morrill@yopmail.com,developer
390,Benita,Thad,Benita.Thad@yopmail.com,worker
391,Ezmeralda,Bivins,Ezmeralda.Bivins@yopmail.com,firefighter
392,Britni,Dulciana,Britni.Dulciana@yopmail.com,doctor
393,Sindee,Thema,Sindee.Thema@yopmail.com,firefighter
394,Gwenneth,Katrine,Gwenneth.Katrine@yopmail.com,worker
395,Meghann,Olnee,Meghann.Olnee@yopmail.com,developer
396,Johna,Vorster,Johna.Vorster@yopmail.com,doctor
397,Phylis,Drus,Phylis.Drus@yopmail.com,doctor
398,Pearline,Kamaria,Pearline.Kamaria@yopmail.com,doctor
399,Clementine,Karylin,Clementine.Karylin@yopmail.com,worker
400,Jerry,Madox,Jerry.Madox@yopmail.com,firefighter
401,Sheree,Devlen,Sheree.Devlen@yopmail.com,police officer
402,Sara-Ann,Bergman,Sara-Ann.Bergman@yopmail.com,developer
403,Charlena,Raul,Charlena.Raul@yopmail.com,worker
404,Eugine,Alabaster,Eugine.Alabaster@yopmail.com,developer
405,Michaelina,Guildroy,Michaelina.Guildroy@yopmail.com,police officer
406,Tobe,Papageno,Tobe.Papageno@yopmail.com,police officer
407,Benita,Kalinda,Benita.Kalinda@yopmail.com,worker
408,Aimil,Nerita,Aimil.Nerita@yopmail.com,firefighter
409,Tonia,Sisile,Tonia.Sisile@yopmail.com,developer
410,Yolane,Thar,Yolane.Thar@yopmail.com,worker
411,Katuscha,Jillane,Katuscha.Jillane@yopmail.com,police officer
412,Darci,Moseley,Darci.Moseley@yopmail.com,doctor
413,Leontine,Tyson,Leontine.Tyson@yopmail.com,worker
414,Fernande,Cath,Fernande.Cath@yopmail.com,worker
415,Catrina,Yerkovich,Catrina.Yerkovich@yopmail.com,worker
416,Caressa,Ferrell,Caressa.Ferrell@yopmail.com,firefighter
417,Bibby,Flyn,Bibby.Flyn@yopmail.com,firefighter
418,Sean,Lia,Sean.Lia@yopmail.com,police officer
419,Angela,Sandye,Angela.Sandye@yopmail.com,worker
420,Aurore,Henebry,Aurore.Henebry@yopmail.com,worker
421,Deirdre,Radu,Deirdre.Radu@yopmail.com,firefighter
422,Amii,Ortrude,Amii.Ortrude@yopmail.com,worker
423,Maurene,Jotham,Maurene.Jotham@yopmail.com,worker
424,Marylou,Connelly,Marylou.Connelly@yopmail.com,developer
425,Fernande,Ogren,Fernande.Ogren@yopmail.com,police officer
426,Quintina,Nadia,Quintina.Nadia@yopmail.com,firefighter
427,Farrah,Rosette,Farrah.Rosette@yopmail.com,doctor
428,Deirdre,Bandeen,Deirdre.Bandeen@yopmail.com,police officer
429,Merrie,Nea,Merrie.Nea@yopmail.com,firefighter
430,Merci,Wilkinson,Merci.Wilkinson@yopmail.com,police officer
431,Gavrielle,Pattin,Gavrielle.Pattin@yopmail.com,worker
432,Vinita,Argus,Vinita.Argus@yopmail.com,worker
433,Aigneis,Jammal,Aigneis.Jammal@yopmail.com,developer
434,Dale,Clie,Dale.Clie@yopmail.com,doctor
435,Alia,Vacuva,Alia.Vacuva@yopmail.com,police officer
436,Cassondra,Letsou,Cassondra.Letsou@yopmail.com,firefighter
437,Ernesta,Merat,Ernesta.Merat@yopmail.com,police officer
438,Devina,Rodmann,Devina.Rodmann@yopmail.com,worker
439,Konstance,Malvino,Konstance.Malvino@yopmail.com,developer
440,Vita,Nickola,Vita.Nickola@yopmail.com,worker
441,Ira,Eugenia,Ira.Eugenia@yopmail.com,worker
442,Laure,Lytton,Laure.Lytton@yopmail.com,doctor
443,Kathi,Larochelle,Kathi.Larochelle@yopmail.com,firefighter
444,Elsie,Joachim,Elsie.Joachim@yopmail.com,doctor
445,Mariann,Parette,Mariann.Parette@yopmail.com,developer
446,Glynnis,Willie,Glynnis.Willie@yopmail.com,police officer
447,Rosabelle,Ioab,Rosabelle.Ioab@yopmail.com,worker
448,Concettina,Lissi,Concettina.Lissi@yopmail.com,doctor
449,Alia,Estella,Alia.Estella@yopmail.com,firefighter
450,Gui,Othilia,Gui.Othilia@yopmail.com,doctor
451,Malina,Arquit,Malina.Arquit@yopmail.com,developer
452,Renie,Zamora,Renie.Zamora@yopmail.com,police officer
453,Elbertina,Vernier,Elbertina.Vernier@yopmail.com,firefighter
454,Deirdre,Haldas,Deirdre.Haldas@yopmail.com,firefighter
455,Amara,Kravits,Amara.Kravits@yopmail.com,developer
456,Rosene,Shaver,Rosene.Shaver@yopmail.com,doctor
457,Charlena,Moseley,Charlena.Moseley@yopmail.com,doctor
458,Jessy,Kirstin,Jessy.Kirstin@yopmail.com,doctor
459,Karina,Jagir,Karina.Jagir@yopmail.com,police officer
460,Lenna,Plato,Lenna.Plato@yopmail.com,police officer
461,Betta,McCutcheon,Betta.McCutcheon@yopmail.com,police officer
462,Penelopa,Velick,Penelopa.Velick@yopmail.com,firefighter
463,Cathie,Blase,Cathie.Blase@yopmail.com,firefighter
464,Vere,Levey,Vere.Levey@yopmail.com,worker
465,Annice,Tufts,Annice.Tufts@yopmail.com,developer
466,Joeann,Halsey,Joeann.Halsey@yopmail.com,worker
467,Reeba,Hepsibah,Reeba.Hepsibah@yopmail.com,worker
468,Bertine,Cristi,Bertine.Cristi@yopmail.com,developer
469,Latisha,Mike,Latisha.Mike@yopmail.com,developer
470,Fanny,Erich,Fanny.Erich@yopmail.com,police officer
471,Konstance,Rossner,Konstance.Rossner@yopmail.com,doctor
472,Binny,Meli,Binny.Meli@yopmail.com,developer
473,Rosaline,Garek,Rosaline.Garek@yopmail.com,worker
474,Sissy,Faria,Sissy.Faria@yopmail.com,developer
475,Briney,Leler,Briney.Leler@yopmail.com,police officer
476,Farrah,Levey,Farrah.Levey@yopmail.com,doctor
477,Minne,Zrike,Minne.Zrike@yopmail.com,developer
478,Stevana,Bryna,Stevana.Bryna@yopmail.com,police officer
479,Lita,Taima,Lita.Taima@yopmail.com,doctor
480,Oralee,Elvyn,Oralee.Elvyn@yopmail.com,firefighter
481,Minda,Charity,Minda.Charity@yopmail.com,doctor
482,Iseabal,Ricki,Iseabal.Ricki@yopmail.com,developer
483,Darci,Joeann,Darci.Joeann@yopmail.com,developer
484,Anestassia,Burch,Anestassia.Burch@yopmail.com,police officer
485,Dyann,Kat,Dyann.Kat@yopmail.com,police officer
486,Dione,Kevon,Dione.Kevon@yopmail.com,firefighter
487,Clo,Si,Clo.Si@yopmail.com,worker
488,Gilda,Jethro,Gilda.Jethro@yopmail.com,developer
489,Janeczka,Haerr,Janeczka.Haerr@yopmail.com,developer
490,Oralee,Slifka,Oralee.Slifka@yopmail.com,doctor
491,Georgetta,Connelly,Georgetta.Connelly@yopmail.com,firefighter
492,Cherrita,Standing,Cherrita.Standing@yopmail.com,worker
493,Carree,Ammann,Carree.Ammann@yopmail.com,worker
494,Shaine,Eben,Shaine.Eben@yopmail.com,developer
495,Carly,Noelyn,Carly.Noelyn@yopmail.com,police officer
496,Emilia,Elo,Emilia.Elo@yopmail.com,developer
497,Merrie,Stephie,Merrie.Stephie@yopmail.com,doctor
498,Rosabelle,Sibyls,Rosabelle.Sibyls@yopmail.com,police officer
499,Elora,Autrey,Elora.Autrey@yopmail.com,worker
500,Lanna,Joseph,Lanna.Joseph@yopmail.com,developer
501,Clementine,Elisha,Clementine.Elisha@yopmail.com,police officer
502,Karena,Schenck,Karena.Schenck@yopmail.com,police officer
503,Marline,Stephie,Marline.Stephie@yopmail.com,worker
504,Lelah,Linskey,Lelah.Linskey@yopmail.com,worker
505,Yolane,Harl,Yolane.Harl@yopmail.com,developer
506,Flory,Brieta,Flory.Brieta@yopmail.com,firefighter
507,Patricia,Yate,Patricia.Yate@yopmail.com,firefighter
508,Liana,Linskey,Liana.Linskey@yopmail.com,firefighter
509,Renie,Sabella,Renie.Sabella@yopmail.com,doctor
510,Concettina,Graig,Concettina.Graig@yopmail.com,developer
511,Jsandye,Audly,Jsandye.Audly@yopmail.com,worker
512,Joy,Devlen,Joy.Devlen@yopmail.com,worker
513,Sashenka,Cohdwell,Sashenka.Cohdwell@yopmail.com,doctor
514,Wendi,Leler,Wendi.Leler@yopmail.com,police officer
515,Celene,Urania,Celene.Urania@yopmail.com,police officer
516,Keelia,Hilbert,Keelia.Hilbert@yopmail.com,doctor
517,Stephanie,Zaslow,Stephanie.Zaslow@yopmail.com,firefighter
518,Raf,Goldina,Raf.Goldina@yopmail.com,doctor
519,Kelly,Lea,Kelly.Lea@yopmail.com,worker
520,Genevra,Dreda,Genevra.Dreda@yopmail.com,doctor
521,Doro,Astra,Doro.Astra@yopmail.com,firefighter
522,Dorice,Sherrie,Dorice.Sherrie@yopmail.com,worker
523,Cristine,Iiette,Cristine.Iiette@yopmail.com,police officer
524,Lynnea,Gabrielli,Lynnea.Gabrielli@yopmail.com,developer
525,Rosanne,Euridice,Rosanne.Euridice@yopmail.com,worker
526,Barbi,Lory,Barbi.Lory@yopmail.com,worker
527,Lily,Maisey,Lily.Maisey@yopmail.com,firefighter
528,Gretal,Avi,Gretal.Avi@yopmail.com,police officer
529,Ardeen,Ophelia,Ardeen.Ophelia@yopmail.com,police officer
530,Carlie,Drisko,Carlie.Drisko@yopmail.com,worker
531,Sibella,Kussell,Sibella.Kussell@yopmail.com,worker
532,Kristan,Ardeha,Kristan.Ardeha@yopmail.com,firefighter
533,Lenna,Mandler,Lenna.Mandler@yopmail.com,worker
534,Hayley,Brady,Hayley.Brady@yopmail.com,doctor
535,Fawne,Gualtiero,Fawne.Gualtiero@yopmail.com,developer
536,Catrina,Nelsen,Catrina.Nelsen@yopmail.com,worker
537,Jordan,Damarra,Jordan.Damarra@yopmail.com,developer
538,Oona,Lewes,Oona.Lewes@yopmail.com,developer
539,Ardeen,Dahlia,Ardeen.Dahlia@yopmail.com,firefighter
540,Hannis,Kosey,Hannis.Kosey@yopmail.com,doctor
541,Kenna,Andrel,Kenna.Andrel@yopmail.com,developer
542,Benita,Nikaniki,Benita.Nikaniki@yopmail.com,worker
543,Madalyn,Primalia,Madalyn.Primalia@yopmail.com,doctor
544,Jenda,Mauer,Jenda.Mauer@yopmail.com,developer
545,Dianemarie,Amasa,Dianemarie.Amasa@yopmail.com,police officer
546,Alie,Kaete,Alie.Kaete@yopmail.com,developer
547,Luci,Lunsford,Luci.Lunsford@yopmail.com,doctor
548,Ardenia,Baudin,Ardenia.Baudin@yopmail.com,police officer
549,Blinni,Donell,Blinni.Donell@yopmail.com,firefighter
550,Brianna,Giff,Brianna.Giff@yopmail.com,firefighter
551,Dorice,Travax,Dorice.Travax@yopmail.com,doctor
552,Carree,Ummersen,Carree.Ummersen@yopmail.com,doctor
553,Justinn,Fillbert,Justinn.Fillbert@yopmail.com,developer
554,Judy,Deegan,Judy.Deegan@yopmail.com,doctor
555,Sonni,Wittie,Sonni.Wittie@yopmail.com,worker
556,Aubrie,Gemini,Aubrie.Gemini@yopmail.com,firefighter
557,Latisha,Erlandson,Latisha.Erlandson@yopmail.com,firefighter
558,Randa,Jalbert,Randa.Jalbert@yopmail.com,developer
559,Clementine,Aurelio,Clementine.Aurelio@yopmail.com,police officer
560,Orsola,Orpah,Orsola.Orpah@yopmail.com,developer
561,Gusella,Muriel,Gusella.Muriel@yopmail.com,developer
562,Nerta,Kirstin,Nerta.Kirstin@yopmail.com,worker
563,Sharlene,Morehouse,Sharlene.Morehouse@yopmail.com,police officer
564,Nicoli,Cosenza,Nicoli.Cosenza@yopmail.com,developer
565,Pearline,Cecile,Pearline.Cecile@yopmail.com,developer
566,Sheree,Kelula,Sheree.Kelula@yopmail.com,firefighter
567,Quintina,Han,Quintina.Han@yopmail.com,police officer
568,Joy,Lindemann,Joy.Lindemann@yopmail.com,doctor
569,Viviene,Kellby,Viviene.Kellby@yopmail.com,developer
570,Wanda,Atcliffe,Wanda.Atcliffe@yopmail.com,police officer
571,Pearline,Carvey,Pearline.Carvey@yopmail.com,developer
572,Paola,Chandler,Paola.Chandler@yopmail.com,police officer
573,Arabel,Seagraves,Arabel.Seagraves@yopmail.com,developer
574,Jessamyn,Iphlgenia,Jessamyn.Iphlgenia@yopmail.com,firefighter
575,Merle,O'Carroll,Merle.O'Carroll@yopmail.com,developer
576,Gavrielle,Concha,Gavrielle.Concha@yopmail.com,developer
577,Renae,Deegan,Renae.Deegan@yopmail.com,developer
578,Priscilla,Melan,Priscilla.Melan@yopmail.com,worker
579,Alyda,Artie,Alyda.Artie@yopmail.com,developer
580,Mireielle,Melleta,Mireielle.Melleta@yopmail.com,doctor
581,Juliane,Albertine,Juliane.Albertine@yopmail.com,firefighter
582,Orsola,Fink,Orsola.Fink@yopmail.com,firefighter
583,Gratia,Morrill,Gratia.Morrill@yopmail.com,firefighter
584,Christy,Jacqui,Christy.Jacqui@yopmail.com,worker
585,Alejandra,Jillane,Alejandra.Jillane@yopmail.com,developer
586,Mathilda,Holtz,Mathilda.Holtz@yopmail.com,developer
587,Barbi,Leffen,Barbi.Leffen@yopmail.com,worker
588,Rosanne,Lory,Rosanne.Lory@yopmail.com,police officer
589,Gabriellia,Maples,Gabriellia.Maples@yopmail.com,doctor
590,Dale,Payson,Dale.Payson@yopmail.com,worker
591,Nelle,Hoban,Nelle.Hoban@yopmail.com,police officer
592,Stevana,Gino,Stevana.Gino@yopmail.com,worker
593,Dorothy,Giff,Dorothy.Giff@yopmail.com,doctor
594,Celene,Buckler,Celene.Buckler@yopmail.com,police officer
595,Florie,Constancy,Florie.Constancy@yopmail.com,firefighter
596,Paule,Kannry,Paule.Kannry@yopmail.com,firefighter
597,Carmela,Nahum,Carmela.Nahum@yopmail.com,firefighter
598,Mallory,Dudley,Mallory.Dudley@yopmail.com,worker
599,Christal,Ioab,Christal.Ioab@yopmail.com,worker
600,Flory,Macey,Flory.Macey@yopmail.com,firefighter
601,Sarette,Philipp,Sarette.Philipp@yopmail.com,developer
602,Linzy,Phi,Linzy.Phi@yopmail.com,police officer
603,Sharlene,Danby,Sharlene.Danby@yopmail.com,developer
604,Marjie,Orelee,Marjie.Orelee@yopmail.com,developer
605,Trixi,Gualtiero,Trixi.Gualtiero@yopmail.com,firefighter
606,Alyda,Randene,Alyda.Randene@yopmail.com,police officer
607,Noelle,Stav,Noelle.Stav@yopmail.com,worker
608,Ronna,Madelene,Ronna.Madelene@yopmail.com,firefighter
609,Caritta,Corrine,Caritta.Corrine@yopmail.com,doctor
610,Carmencita,Holbrook,Carmencita.Holbrook@yopmail.com,doctor
611,Ana,Sekofski,Ana.Sekofski@yopmail.com,developer
612,Randa,Clie,Randa.Clie@yopmail.com,developer
613,Charmaine,Pacorro,Charmaine.Pacorro@yopmail.com,developer
614,Lucy,Anyah,Lucy.Anyah@yopmail.com,worker
615,Fina,Terencio,Fina.Terencio@yopmail.com,developer
616,Alexine,Pernick,Alexine.Pernick@yopmail.com,police officer
617,Pierette,Vernier,Pierette.Vernier@yopmail.com,doctor
618,Henriette,Selway,Henriette.Selway@yopmail.com,worker
619,Constance,Joni,Constance.Joni@yopmail.com,worker
620,Nannie,Toffic,Nannie.Toffic@yopmail.com,police officer
621,Jasmina,Afton,Jasmina.Afton@yopmail.com,police officer
622,Binny,Telfer,Binny.Telfer@yopmail.com,doctor
623,Odessa,Keelia,Odessa.Keelia@yopmail.com,developer
624,Hildegaard,Imelida,Hildegaard.Imelida@yopmail.com,firefighter
625,Konstance,Ludewig,Konstance.Ludewig@yopmail.com,developer
626,Sharlene,Durware,Sharlene.Durware@yopmail.com,police officer
627,Marnia,Nickola,Marnia.Nickola@yopmail.com,developer
628,Chrystel,Kirbee,Chrystel.Kirbee@yopmail.com,developer
629,Leanna,Liebermann,Leanna.Liebermann@yopmail.com,firefighter
630,Natka,Campball,Natka.Campball@yopmail.com,police officer
631,Noelle,Ardeha,Noelle.Ardeha@yopmail.com,police officer
632,Petronia,Sidonius,Petronia.Sidonius@yopmail.com,worker
633,Doro,Martsen,Doro.Martsen@yopmail.com,doctor
634,Genovera,Carleen,Genovera.Carleen@yopmail.com,doctor
635,Mignon,Terencio,Mignon.Terencio@yopmail.com,developer
636,Dennie,Alwin,Dennie.Alwin@yopmail.com,doctor
637,Jany,Vale,Jany.Vale@yopmail.com,police officer
638,Ana,Raseda,Ana.Raseda@yopmail.com,police officer
639,Letizia,Hessler,Letizia.Hessler@yopmail.com,developer
640,Penelopa,Aloise,Penelopa.Aloise@yopmail.com,police officer
641,Katharina,Granoff,Katharina.Granoff@yopmail.com,developer
642,Linet,Parette,Linet.Parette@yopmail.com,doctor
643,Caryl,Mitzi,Caryl.Mitzi@yopmail.com,firefighter
644,Kylynn,Kolnick,Kylynn.Kolnick@yopmail.com,firefighter
645,Orelia,Eben,Orelia.Eben@yopmail.com,worker
646,Winny,Anyah,Winny.Anyah@yopmail.com,worker
647,Lonnie,Vittoria,Lonnie.Vittoria@yopmail.com,developer
648,Nelle,Raychel,Nelle.Raychel@yopmail.com,developer
649,Kelly,Callista,Kelly.Callista@yopmail.com,firefighter
650,Tressa,Friede,Tressa.Friede@yopmail.com,doctor
651,Stephanie,Cadmar,Stephanie.Cadmar@yopmail.com,worker
652,Raf,Diogenes,Raf.Diogenes@yopmail.com,firefighter
653,Dianemarie,Gualtiero,Dianemarie.Gualtiero@yopmail.com,police officer
654,Madeleine,Callista,Madeleine.Callista@yopmail.com,worker
655,Meg,Rosalba,Meg.Rosalba@yopmail.com,police officer
656,Tomasina,Ulphia,Tomasina.Ulphia@yopmail.com,firefighter
657,Tina,Prouty,Tina.Prouty@yopmail.com,developer
658,Andree,Anton,Andree.Anton@yopmail.com,police officer
659,Annaliese,Beniamino,Annaliese.Beniamino@yopmail.com,worker
660,Marline,Mullane,Marline.Mullane@yopmail.com,police officer
661,Shaylyn,Raychel,Shaylyn.Raychel@yopmail.com,police officer
662,Aubrie,Blase,Aubrie.Blase@yopmail.com,firefighter
663,Nonnah,Corabella,Nonnah.Corabella@yopmail.com,worker
664,Nicoli,Junie,Nicoli.Junie@yopmail.com,doctor
665,Lenna,Daegal,Lenna.Daegal@yopmail.com,worker
666,Amii,Tryck,Amii.Tryck@yopmail.com,doctor
667,Selma,Diogenes,Selma.Diogenes@yopmail.com,police officer
668,Nannie,Trace,Nannie.Trace@yopmail.com,doctor
669,Roberta,Skurnik,Roberta.Skurnik@yopmail.com,doctor
670,Marylou,Bartlett,Marylou.Bartlett@yopmail.com,developer
671,Kayla,Rhu,Kayla.Rhu@yopmail.com,firefighter
672,Kerrin,Eno,Kerrin.Eno@yopmail.com,developer
673,Diena,Pulsifer,Diena.Pulsifer@yopmail.com,firefighter
674,Claudina,Ietta,Claudina.Ietta@yopmail.com,firefighter
675,Karly,Hoenack,Karly.Hoenack@yopmail.com,worker
676,Lusa,Lasley,Lusa.Lasley@yopmail.com,developer
677,Kittie,Maroney,Kittie.Maroney@yopmail.com,doctor
678,Katleen,Buttaro,Katleen.Buttaro@yopmail.com,firefighter
679,Heddie,Philoo,Heddie.Philoo@yopmail.com,worker
680,Ruthe,Heidt,Ruthe.Heidt@yopmail.com,firefighter
681,Noelle,Lenny,Noelle.Lenny@yopmail.com,firefighter
682,Dorice,Ummersen,Dorice.Ummersen@yopmail.com,developer
683,Alyssa,Gaspard,Alyssa.Gaspard@yopmail.com,police officer
684,Aurelie,Clara,Aurelie.Clara@yopmail.com,firefighter
685,Mamie,Rudolph,Mamie.Rudolph@yopmail.com,firefighter
686,Brandise,Hashim,Brandise.Hashim@yopmail.com,worker
687,Sonni,Ferino,Sonni.Ferino@yopmail.com,developer
688,Kelly,Jess,Kelly.Jess@yopmail.com,doctor
689,Nikki,Whittaker,Nikki.Whittaker@yopmail.com,developer
690,Regina,Behre,Regina.Behre@yopmail.com,police officer
691,Cristine,Salvidor,Cristine.Salvidor@yopmail.com,police officer
692,Judy,Robertson,Judy.Robertson@yopmail.com,developer
693,Ayn,Rodmann,Ayn.Rodmann@yopmail.com,police officer
694,Paule,Goddard,Paule.Goddard@yopmail.com,developer
695,Brynna,Irmine,Brynna.Irmine@yopmail.com,firefighter
696,June,Wattenberg,June.Wattenberg@yopmail.com,doctor
697,Bertine,Lissi,Bertine.Lissi@yopmail.com,police officer
698,Flo,Clara,Flo.Clara@yopmail.com,doctor
699,Beatriz,Mathilde,Beatriz.Mathilde@yopmail.com,firefighter
700,Ginnie,Jagir,Ginnie.Jagir@yopmail.com,worker
701,Dagmar,Gower,Dagmar.Gower@yopmail.com,police officer
702,Ernesta,Carmena,Ernesta.Carmena@yopmail.com,worker
703,Christal,Atonsah,Christal.Atonsah@yopmail.com,developer
704,Magdalena,Vacuva,Magdalena.Vacuva@yopmail.com,firefighter
705,Beth,Ophelia,Beth.Ophelia@yopmail.com,developer
706,Tori,Wandie,Tori.Wandie@yopmail.com,worker
707,Ninnetta,Stephie,Ninnetta.Stephie@yopmail.com,developer
708,Nananne,Auberbach,Nananne.Auberbach@yopmail.com,police officer
709,Priscilla,Keily,Priscilla.Keily@yopmail.com,developer
710,Vita,Rese,Vita.Rese@yopmail.com,doctor
711,Annaliese,Bebe,Annaliese.Bebe@yopmail.com,firefighter
712,Ada,Stevy,Ada.Stevy@yopmail.com,firefighter
713,Helsa,Nerita,Helsa.Nerita@yopmail.com,firefighter
714,Frank,Emerson,Frank.Emerson@yopmail.com,worker
715,Valeda,Isacco,Valeda.Isacco@yopmail.com,worker
716,Maisey,Arquit,Maisey.Arquit@yopmail.com,developer
717,Melanie,Abram,Melanie.Abram@yopmail.com,police officer
718,Nanete,Celestine,Nanete.Celestine@yopmail.com,developer
719,Mamie,Ries,Mamie.Ries@yopmail.com,worker
720,Mara,Gregrory,Mara.Gregrory@yopmail.com,police officer
721,Charmaine,Lacombe,Charmaine.Lacombe@yopmail.com,developer
722,Cathie,Dorothy,Cathie.Dorothy@yopmail.com,worker
723,Lesly,Brunell,Lesly.Brunell@yopmail.com,worker
724,Coral,Ovid,Coral.Ovid@yopmail.com,firefighter
725,Dacia,Rossner,Dacia.Rossner@yopmail.com,firefighter
726,Philis,Barbey,Philis.Barbey@yopmail.com,doctor
727,Oona,Kirbee,Oona.Kirbee@yopmail.com,doctor
728,Carmela,Harned,Carmela.Harned@yopmail.com,worker
729,Minne,Ophelia,Minne.Ophelia@yopmail.com,police officer
730,Nananne,Carbo,Nananne.Carbo@yopmail.com,firefighter
731,Marjie,Jeanne,Marjie.Jeanne@yopmail.com,worker
732,Gale,Lauraine,Gale.Lauraine@yopmail.com,doctor
733,Kimmy,Kenney,Kimmy.Kenney@yopmail.com,firefighter
734,Aeriela,Llovera,Aeriela.Llovera@yopmail.com,developer
735,Jsandye,Jary,Jsandye.Jary@yopmail.com,firefighter
736,Ariela,Ardra,Ariela.Ardra@yopmail.com,worker
737,Robbi,Ovid,Robbi.Ovid@yopmail.com,police officer
738,Genevra,Rubie,Genevra.Rubie@yopmail.com,police officer
739,Ingrid,Beniamino,Ingrid.Beniamino@yopmail.com,police officer
740,Viviene,Chick,Viviene.Chick@yopmail.com,worker
741,Louella,Barbey,Louella.Barbey@yopmail.com,firefighter
742,Marguerite,Paton,Marguerite.Paton@yopmail.com,doctor
743,Kittie,Jethro,Kittie.Jethro@yopmail.com,worker
744,Ira,Meter,Ira.Meter@yopmail.com,doctor
745,Eugine,Arne,Eugine.Arne@yopmail.com,doctor
746,Frieda,Maiah,Frieda.Maiah@yopmail.com,doctor
747,Desirae,Aida,Desirae.Aida@yopmail.com,police officer
748,Demetris,Hull,Demetris.Hull@yopmail.com,worker
749,Hollie,Bartlett,Hollie.Bartlett@yopmail.com,doctor
750,Konstance,Miru,Konstance.Miru@yopmail.com,doctor
751,Meg,Seligman,Meg.Seligman@yopmail.com,firefighter
752,Chandra,Leary,Chandra.Leary@yopmail.com,developer
753,Roberta,Quent,Roberta.Quent@yopmail.com,developer
754,Loree,Arvo,Loree.Arvo@yopmail.com,worker
755,Eve,Pettiford,Eve.Pettiford@yopmail.com,police officer
756,Cherilyn,Goth,Cherilyn.Goth@yopmail.com,developer
757,Evita,Norvol,Evita.Norvol@yopmail.com,developer
758,Viki,Bergman,Viki.Bergman@yopmail.com,firefighter
759,Gerianna,Swigart,Gerianna.Swigart@yopmail.com,developer
760,Maridel,Sperling,Maridel.Sperling@yopmail.com,doctor
761,Giustina,Melleta,Giustina.Melleta@yopmail.com,police officer
762,Reeba,Johnsson,Reeba.Johnsson@yopmail.com,doctor
763,Helsa,Erlandson,Helsa.Erlandson@yopmail.com,firefighter
764,Tybie,Robertson,Tybie.Robertson@yopmail.com,firefighter
765,Clary,Roxanna,Clary.Roxanna@yopmail.com,police officer
766,Florencia,Gualtiero,Florencia.Gualtiero@yopmail.com,police officer
767,Belinda,Lucienne,Belinda.Lucienne@yopmail.com,developer
768,Myriam,Eckblad,Myriam.Eckblad@yopmail.com,police officer
769,Molli,Huggins,Molli.Huggins@yopmail.com,developer
770,Harrietta,Ivens,Harrietta.Ivens@yopmail.com,doctor
771,Trudie,Ferino,Trudie.Ferino@yopmail.com,worker
772,Raina,Tamsky,Raina.Tamsky@yopmail.com,doctor
773,Nollie,Cynar,Nollie.Cynar@yopmail.com,worker
774,Lexine,My,Lexine.My@yopmail.com,doctor
775,Joleen,Ovid,Joleen.Ovid@yopmail.com,developer
776,Kalina,Dowski,Kalina.Dowski@yopmail.com,developer
777,Deane,Shelba,Deane.Shelba@yopmail.com,doctor
778,Orelia,Milde,Orelia.Milde@yopmail.com,firefighter
779,Candy,Glenden,Candy.Glenden@yopmail.com,police officer
780,Priscilla,Kazimir,Priscilla.Kazimir@yopmail.com,firefighter
781,Leona,Waldron,Leona.Waldron@yopmail.com,developer
782,Tiffie,Codding,Tiffie.Codding@yopmail.com,developer
783,Sharlene,Crudden,Sharlene.Crudden@yopmail.com,firefighter
784,Devina,Joeann,Devina.Joeann@yopmail.com,developer
785,Daune,Kamaria,Daune.Kamaria@yopmail.com,doctor
786,Britni,Quinn,Britni.Quinn@yopmail.com,police officer
787,Berta,Brotherson,Berta.Brotherson@yopmail.com,worker
788,Agathe,Mozelle,Agathe.Mozelle@yopmail.com,firefighter
789,Lynnea,Shelba,Lynnea.Shelba@yopmail.com,developer
790,Nessie,Kevon,Nessie.Kevon@yopmail.com,police officer
791,Joeann,Lasley,Joeann.Lasley@yopmail.com,developer
792,Joane,Toor,Joane.Toor@yopmail.com,developer
793,Sonni,Karl,Sonni.Karl@yopmail.com,firefighter
794,Nickie,Kravits,Nickie.Kravits@yopmail.com,firefighter
795,Viviene,Cloris,Viviene.Cloris@yopmail.com,developer
796,Minne,Liebermann,Minne.Liebermann@yopmail.com,worker
797,Chere,Secrest,Chere.Secrest@yopmail.com,worker
798,Gusella,Merriott,Gusella.Merriott@yopmail.com,worker
799,Brooks,Kussell,Brooks.Kussell@yopmail.com,firefighter
800,Letizia,Japeth,Letizia.Japeth@yopmail.com,firefighter
801,Carolina,Pandolfi,Carolina.Pandolfi@yopmail.com,worker
802,Lorie,Gavrila,Lorie.Gavrila@yopmail.com,firefighter
803,Jere,Wittie,Jere.Wittie@yopmail.com,police officer
804,Bill,Kauppi,Bill.Kauppi@yopmail.com,police officer
805,Tobe,Bivins,Tobe.Bivins@yopmail.com,doctor
806,Chere,Palocz,Chere.Palocz@yopmail.com,doctor
807,Merry,Erich,Merry.Erich@yopmail.com,firefighter
808,Merle,Wenoa,Merle.Wenoa@yopmail.com,developer
809,Corene,Wallis,Corene.Wallis@yopmail.com,worker
810,Vivia,Junie,Vivia.Junie@yopmail.com,worker
811,Queenie,Pond,Queenie.Pond@yopmail.com,doctor
812,Jillayne,Gahl,Jillayne.Gahl@yopmail.com,developer
813,Alia,Lytton,Alia.Lytton@yopmail.com,firefighter
814,Mahalia,Parette,Mahalia.Parette@yopmail.com,developer
815,Annecorinne,Avi,Annecorinne.Avi@yopmail.com,doctor
816,Marinna,Kussell,Marinna.Kussell@yopmail.com,police officer
817,Josephine,McNully,Josephine.McNully@yopmail.com,doctor
818,Clo,Yam,Clo.Yam@yopmail.com,firefighter
819,Nanete,Zuzana,Nanete.Zuzana@yopmail.com,worker
820,Nonnah,Ovid,Nonnah.Ovid@yopmail.com,firefighter
821,Lilith,Tound,Lilith.Tound@yopmail.com,police officer
822,Tressa,Egbert,Tressa.Egbert@yopmail.com,police officer
823,Leia,Teryn,Leia.Teryn@yopmail.com,doctor
824,Cherrita,Morgun,Cherrita.Morgun@yopmail.com,firefighter
825,Vanessa,Ajay,Vanessa.Ajay@yopmail.com,firefighter
826,Trixi,Lemuela,Trixi.Lemuela@yopmail.com,doctor
827,Olivette,Casimir,Olivette.Casimir@yopmail.com,firefighter
828,Sybille,Raul,Sybille.Raul@yopmail.com,worker
829,Kassey,Lenny,Kassey.Lenny@yopmail.com,developer
830,Elena,Goldina,Elena.Goldina@yopmail.com,firefighter
831,Oona,Merat,Oona.Merat@yopmail.com,police officer
832,Larine,Pitt,Larine.Pitt@yopmail.com,doctor
833,Kimmy,Marlie,Kimmy.Marlie@yopmail.com,doctor
834,Tiffie,Travax,Tiffie.Travax@yopmail.com,worker
835,Tressa,Wittie,Tressa.Wittie@yopmail.com,worker
836,Gilligan,Shanley,Gilligan.Shanley@yopmail.com,developer
837,Jenda,O'Neill,Jenda.O'Neill@yopmail.com,doctor
838,Dione,Sidonius,Dione.Sidonius@yopmail.com,firefighter
839,Dorice,Plato,Dorice.Plato@yopmail.com,firefighter
840,Linet,Seessel,Linet.Seessel@yopmail.com,worker
841,Heddie,Lowry,Heddie.Lowry@yopmail.com,doctor
842,Moyna,An,Moyna.An@yopmail.com,worker
843,Steffane,Hachmin,Steffane.Hachmin@yopmail.com,doctor
844,Laure,Lail,Laure.Lail@yopmail.com,developer
845,Gale,Sekofski,Gale.Sekofski@yopmail.com,police officer
846,Adele,Hazlett,Adele.Hazlett@yopmail.com,developer
847,Sharlene,Salchunas,Sharlene.Salchunas@yopmail.com,doctor
848,Pierette,Dominy,Pierette.Dominy@yopmail.com,developer
849,Ada,Tatianas,Ada.Tatianas@yopmail.com,doctor
850,Peri,Weide,Peri.Weide@yopmail.com,developer
851,Jaime,An,Jaime.An@yopmail.com,police officer
852,Joy,Pierette,Joy.Pierette@yopmail.com,police officer
853,Sheree,Ehrman,Sheree.Ehrman@yopmail.com,police officer
854,Ellette,Terencio,Ellette.Terencio@yopmail.com,firefighter
855,Neila,Wolfgram,Neila.Wolfgram@yopmail.com,doctor
856,Dulcinea,Publia,Dulcinea.Publia@yopmail.com,firefighter
857,Karina,O'Rourke,Karina.O'Rourke@yopmail.com,police officer
858,Cristine,Orlene,Cristine.Orlene@yopmail.com,firefighter
859,Leona,Oriana,Leona.Oriana@yopmail.com,firefighter
860,Gilda,Pitt,Gilda.Pitt@yopmail.com,police officer
861,Merrie,Prouty,Merrie.Prouty@yopmail.com,police officer
862,Raina,Ophelia,Raina.Ophelia@yopmail.com,firefighter
863,Nanete,Bivins,Nanete.Bivins@yopmail.com,doctor
864,Dulce,Gregrory,Dulce.Gregrory@yopmail.com,doctor
865,Aaren,Alice,Aaren.Alice@yopmail.com,developer
866,Leanna,Schwejda,Leanna.Schwejda@yopmail.com,police officer
867,Daune,Joli,Daune.Joli@yopmail.com,worker
868,Justinn,Sundin,Justinn.Sundin@yopmail.com,police officer
869,Ida,Goddard,Ida.Goddard@yopmail.com,police officer
870,Daphne,Rooney,Daphne.Rooney@yopmail.com,developer
871,Tracey,Giff,Tracey.Giff@yopmail.com,firefighter
872,Alleen,Kevon,Alleen.Kevon@yopmail.com,police officer
873,Arabel,Dreda,Arabel.Dreda@yopmail.com,police officer
874,Ebonee,Secrest,Ebonee.Secrest@yopmail.com,police officer
875,Kittie,An,Kittie.An@yopmail.com,police officer
876,Florie,Helve,Florie.Helve@yopmail.com,firefighter
877,Queenie,Charity,Queenie.Charity@yopmail.com,worker
878,Tarra,Maxi,Tarra.Maxi@yopmail.com,worker
879,Penelopa,Zeeba,Penelopa.Zeeba@yopmail.com,police officer
880,Xylina,Santoro,Xylina.Santoro@yopmail.com,police officer
881,Jackie,Armanda,Jackie.Armanda@yopmail.com,police officer
882,Catrina,Huggins,Catrina.Huggins@yopmail.com,worker
883,Lesly,Tippets,Lesly.Tippets@yopmail.com,doctor
884,Robbi,Ashely,Robbi.Ashely@yopmail.com,police officer
885,Tomasina,Camden,Tomasina.Camden@yopmail.com,worker
886,Lacie,Norvol,Lacie.Norvol@yopmail.com,firefighter
887,Dorice,Johnsson,Dorice.Johnsson@yopmail.com,firefighter
888,Jennica,Reneta,Jennica.Reneta@yopmail.com,doctor
889,Andeee,Kathie,Andeee.Kathie@yopmail.com,police officer
890,Ann-Marie,Barney,Ann-Marie.Barney@yopmail.com,doctor
891,Collen,Gaynor,Collen.Gaynor@yopmail.com,developer
892,Elka,Soneson,Elka.Soneson@yopmail.com,police officer
893,Violet,Ricarda,Violet.Ricarda@yopmail.com,doctor
894,Isa,Narton,Isa.Narton@yopmail.com,police officer
895,Melodie,Willie,Melodie.Willie@yopmail.com,police officer
896,Brena,Thunell,Brena.Thunell@yopmail.com,worker
897,Monika,Pip,Monika.Pip@yopmail.com,doctor
898,Darlleen,Elvyn,Darlleen.Elvyn@yopmail.com,worker
899,Dorthy,Guildroy,Dorthy.Guildroy@yopmail.com,doctor
900,Brianna,Sallyann,Brianna.Sallyann@yopmail.com,developer
901,Justinn,Sophronia,Justinn.Sophronia@yopmail.com,doctor
902,Brianna,Chem,Brianna.Chem@yopmail.com,police officer
903,Jolyn,Louanna,Jolyn.Louanna@yopmail.com,doctor
904,Micheline,O'Carroll,Micheline.O'Carroll@yopmail.com,developer
905,Robinia,Teddman,Robinia.Teddman@yopmail.com,firefighter
906,Myrtice,Marsden,Myrtice.Marsden@yopmail.com,firefighter
907,Margarette,Mallon,Margarette.Mallon@yopmail.com,worker
908,Mureil,Karylin,Mureil.Karylin@yopmail.com,doctor
909,Nariko,Stelle,Nariko.Stelle@yopmail.com,firefighter
910,Nariko,Goerke,Nariko.Goerke@yopmail.com,worker
911,Mara,Ahab,Mara.Ahab@yopmail.com,developer
912,Philis,Anestassia,Philis.Anestassia@yopmail.com,developer
913,Netty,Linskey,Netty.Linskey@yopmail.com,firefighter
914,Nita,Han,Nita.Han@yopmail.com,worker
915,Miquela,Liva,Miquela.Liva@yopmail.com,police officer
916,Frank,Sheedy,Frank.Sheedy@yopmail.com,doctor
917,Sean,Hepsibah,Sean.Hepsibah@yopmail.com,police officer
918,Halette,Huggins,Halette.Huggins@yopmail.com,police officer
919,Jennica,Shaver,Jennica.Shaver@yopmail.com,worker
920,Cassandra,Pyle,Cassandra.Pyle@yopmail.com,worker
921,Olivette,Monk,Olivette.Monk@yopmail.com,police officer
922,Rozele,Skurnik,Rozele.Skurnik@yopmail.com,doctor
923,Anthia,Rosette,Anthia.Rosette@yopmail.com,police officer
924,Gui,Peonir,Gui.Peonir@yopmail.com,police officer
925,Lorne,Cutlerr,Lorne.Cutlerr@yopmail.com,firefighter
926,Jordan,Wattenberg,Jordan.Wattenberg@yopmail.com,doctor
927,Allyce,Lacombe,Allyce.Lacombe@yopmail.com,firefighter
928,Concettina,Sisile,Concettina.Sisile@yopmail.com,firefighter
929,Janenna,Sherfield,Janenna.Sherfield@yopmail.com,doctor
930,Shaylyn,Dermott,Shaylyn.Dermott@yopmail.com,worker
931,Ninnetta,Pacorro,Ninnetta.Pacorro@yopmail.com,firefighter
932,Elora,Nadia,Elora.Nadia@yopmail.com,worker
933,Nyssa,Damarra,Nyssa.Damarra@yopmail.com,firefighter
934,Angelique,Cloris,Angelique.Cloris@yopmail.com,police officer
935,Alexine,Elbertina,Alexine.Elbertina@yopmail.com,worker
936,Shandie,Thad,Shandie.Thad@yopmail.com,doctor
937,Ezmeralda,Ader,Ezmeralda.Ader@yopmail.com,worker
938,Carlie,Iaverne,Carlie.Iaverne@yopmail.com,worker
939,Shaine,Craggie,Shaine.Craggie@yopmail.com,developer
940,Christal,Gombach,Christal.Gombach@yopmail.com,worker
941,Ursulina,Garbe,Ursulina.Garbe@yopmail.com,worker
942,Lulita,Rubie,Lulita.Rubie@yopmail.com,worker
943,Janis,Lasley,Janis.Lasley@yopmail.com,police officer
944,Ida,Sallyann,Ida.Sallyann@yopmail.com,worker
945,Jessamyn,Maiah,Jessamyn.Maiah@yopmail.com,developer
946,Ottilie,Bollay,Ottilie.Bollay@yopmail.com,doctor
947,Dianemarie,Ehrman,Dianemarie.Ehrman@yopmail.com,police officer
948,Kore,Gilmour,Kore.Gilmour@yopmail.com,worker
949,Sherrie,Schenck,Sherrie.Schenck@yopmail.com,developer
950,Pierette,Craggie,Pierette.Craggie@yopmail.com,developer
951,Roberta,Grosz,Roberta.Grosz@yopmail.com,worker
952,Sharlene,Glenden,Sharlene.Glenden@yopmail.com,worker
953,Karina,Silvan,Karina.Silvan@yopmail.com,police officer
954,Alie,Sholley,Alie.Sholley@yopmail.com,developer
955,Ardys,Lipson,Ardys.Lipson@yopmail.com,firefighter
956,Rosaline,Vittoria,Rosaline.Vittoria@yopmail.com,worker
957,Henriette,Hartnett,Henriette.Hartnett@yopmail.com,worker
958,Minda,Anastatius,Minda.Anastatius@yopmail.com,doctor
959,Nita,Loleta,Nita.Loleta@yopmail.com,firefighter
960,Dolli,Hailee,Dolli.Hailee@yopmail.com,police officer
961,Renae,Elbertina,Renae.Elbertina@yopmail.com,worker
962,Kylynn,Lutero,Kylynn.Lutero@yopmail.com,developer
963,Ninnetta,Leffen,Ninnetta.Leffen@yopmail.com,firefighter
964,Elsie,Wiener,Elsie.Wiener@yopmail.com,worker
965,Edith,Eckblad,Edith.Eckblad@yopmail.com,police officer
966,Jessy,Yusuk,Jessy.Yusuk@yopmail.com,worker
967,Farrah,Stacy,Farrah.Stacy@yopmail.com,developer
968,Lynea,Bettine,Lynea.Bettine@yopmail.com,doctor
969,Pollyanna,Flita,Pollyanna.Flita@yopmail.com,developer
970,Tiffie,Ashok,Tiffie.Ashok@yopmail.com,firefighter
971,Rosaline,Mitzi,Rosaline.Mitzi@yopmail.com,worker
972,Ardeen,Baptlsta,Ardeen.Baptlsta@yopmail.com,developer
973,Collen,Riva,Collen.Riva@yopmail.com,firefighter
974,Jobi,Kannry,Jobi.Kannry@yopmail.com,worker
975,Dode,Read,Dode.Read@yopmail.com,doctor
976,Beatriz,Poll,Beatriz.Poll@yopmail.com,police officer
977,Florie,Durware,Florie.Durware@yopmail.com,developer
978,Candi,McNully,Candi.McNully@yopmail.com,firefighter
979,Kerrin,Blisse,Kerrin.Blisse@yopmail.com,worker
980,Berta,Carlson,Berta.Carlson@yopmail.com,doctor
981,Dari,Codding,Dari.Codding@yopmail.com,doctor
982,Anica,Jerold,Anica.Jerold@yopmail.com,developer
983,Claudina,Clarissa,Claudina.Clarissa@yopmail.com,doctor
984,Trixi,Fredi,Trixi.Fredi@yopmail.com,worker
985,Amelia,My,Amelia.My@yopmail.com,police officer
986,Jobi,Loring,Jobi.Loring@yopmail.com,developer
987,Ilse,Bandeen,Ilse.Bandeen@yopmail.com,doctor
988,Fred,Lipson,Fred.Lipson@yopmail.com,police officer
989,Nananne,Euridice,Nananne.Euridice@yopmail.com,worker
990,Olivette,Cynar,Olivette.Cynar@yopmail.com,doctor
991,Oona,Belldas,Oona.Belldas@yopmail.com,police officer
992,Tabbatha,Kellby,Tabbatha.Kellby@yopmail.com,developer
993,Corina,Sacken,Corina.Sacken@yopmail.com,doctor
994,Glynnis,Halla,Glynnis.Halla@yopmail.com,doctor
995,Keelia,Leffen,Keelia.Leffen@yopmail.com,firefighter
996,Calla,Dash,Calla.Dash@yopmail.com,firefighter
997,Lorne,Fink,Lorne.Fink@yopmail.com,worker
998,Jeanna,Natica,Jeanna.Natica@yopmail.com,doctor
999,Paulita,Cath,Paulita.Cath@yopmail.com,doctor
1000,Millie,Sacken,Millie.Sacken@yopmail.com,doctor
1001,Marti,Baptlsta,Marti.Baptlsta@yopmail.com,doctor
1002,Kore,Sundin,Kore.Sundin@yopmail.com,worker
1003,Randa,Dermott,Randa.Dermott@yopmail.com,worker
1004,Dari,Letsou,Dari.Letsou@yopmail.com,firefighter
1005,Lucy,An,Lucy.An@yopmail.com,worker
1006,Josephine,Skell,Josephine.Skell@yopmail.com,doctor
1007,Chastity,Garlinda,Chastity.Garlinda@yopmail.com,worker
1008,Angelique,Milde,Angelique.Milde@yopmail.com,developer
1009,Cordi,Elisha,Cordi.Elisha@yopmail.com,worker
1010,Rosaline,Angelis,Rosaline.Angelis@yopmail.com,police officer
1011,Elise,Rocray,Elise.Rocray@yopmail.com,developer
1012,Candy,Camden,Candy.Camden@yopmail.com,worker
1013,Tilly,Jena,Tilly.Jena@yopmail.com,developer
1014,Modestia,Wittie,Modestia.Wittie@yopmail.com,firefighter
1015,Kirstin,Leonard,Kirstin.Leonard@yopmail.com,developer
1016,Hayley,Myrilla,Hayley.Myrilla@yopmail.com,developer
1017,Merry,Redmond,Merry.Redmond@yopmail.com,doctor
1018,Beth,Ajay,Beth.Ajay@yopmail.com,doctor
1019,Sashenka,Hortensia,Sashenka.Hortensia@yopmail.com,developer
1020,Rori,Turne,Rori.Turne@yopmail.com,police officer
1021,Amelia,Kathie,Amelia.Kathie@yopmail.com,developer
1022,Sharai,Terrence,Sharai.Terrence@yopmail.com,developer
1023,Britte,Felecia,Britte.Felecia@yopmail.com,doctor
1024,Marguerite,Tybald,Marguerite.Tybald@yopmail.com,doctor
1025,Alie,Pitt,Alie.Pitt@yopmail.com,police officer
1026,Audrie,Si,Audrie.Si@yopmail.com,worker
1027,Valera,Raul,Valera.Raul@yopmail.com,doctor
1028,Hannis,Dorine,Hannis.Dorine@yopmail.com,developer
1029,Tiffie,Salchunas,Tiffie.Salchunas@yopmail.com,doctor
1030,Joceline,Phyllis,Joceline.Phyllis@yopmail.com,worker
1031,Lorenza,Whiffen,Lorenza.Whiffen@yopmail.com,doctor
1032,Dulce,Moina,Dulce.Moina@yopmail.com,firefighter
1033,Lyssa,Erlandson,Lyssa.Erlandson@yopmail.com,firefighter
1034,Brena,Heidt,Brena.Heidt@yopmail.com,developer
1035,Eugine,Morehouse,Eugine.Morehouse@yopmail.com,police officer
1036,Cherrita,Lorain,Cherrita.Lorain@yopmail.com,worker
1037,Misha,Casimir,Misha.Casimir@yopmail.com,police officer
1038,Damaris,Gaynor,Damaris.Gaynor@yopmail.com,worker
1039,Fawne,Gillan,Fawne.Gillan@yopmail.com,doctor
1040,Kimmy,Fitzsimmons,Kimmy.Fitzsimmons@yopmail.com,police officer
1041,Cordi,Kravits,Cordi.Kravits@yopmail.com,police officer
1042,Hallie,Dom,Hallie.Dom@yopmail.com,developer
1043,Margalo,Hunfredo,Margalo.Hunfredo@yopmail.com,worker
1044,Gale,Hillel,Gale.Hillel@yopmail.com,developer
1045,Gabi,Sekofski,Gabi.Sekofski@yopmail.com,firefighter
1046,Patricia,Blisse,Patricia.Blisse@yopmail.com,developer
1047,Codie,Jary,Codie.Jary@yopmail.com,worker
1048,Diena,Claudine,Diena.Claudine@yopmail.com,police officer
1049,Arlena,Reidar,Arlena.Reidar@yopmail.com,doctor
1050,Ezmeralda,Beebe,Ezmeralda.Beebe@yopmail.com,doctor
1051,Vevay,McNully,Vevay.McNully@yopmail.com,firefighter
1052,Perry,Silvan,Perry.Silvan@yopmail.com,developer
1053,Susan,Berard,Susan.Berard@yopmail.com,worker
1054,Lory,Larochelle,Lory.Larochelle@yopmail.com,doctor
1055,Gavrielle,Edison,Gavrielle.Edison@yopmail.com,police officer
1056,Daryl,McNully,Daryl.McNully@yopmail.com,police officer
1057,Collen,Dituri,Collen.Dituri@yopmail.com,developer
1058,Gabi,Center,Gabi.Center@yopmail.com,worker
1059,Collen,Allare,Collen.Allare@yopmail.com,developer
1060,Laure,Gert,Laure.Gert@yopmail.com,worker
1061,Agathe,Zrike,Agathe.Zrike@yopmail.com,firefighter
1062,Goldie,Chabot,Goldie.Chabot@yopmail.com,police officer
1063,Gisela,Horan,Gisela.Horan@yopmail.com,doctor
1064,Ofilia,Wenoa,Ofilia.Wenoa@yopmail.com,developer
1065,Carol-Jean,Grobe,Carol-Jean.Grobe@yopmail.com,worker
1066,Darci,Bevin,Darci.Bevin@yopmail.com,worker
1067,Sallie,Lindemann,Sallie.Lindemann@yopmail.com,police officer
1068,Mary,Bigner,Mary.Bigner@yopmail.com,police officer
1069,Mireielle,Liva,Mireielle.Liva@yopmail.com,developer
1070,Carmencita,Dearborn,Carmencita.Dearborn@yopmail.com,firefighter
1071,Ulrike,Pip,Ulrike.Pip@yopmail.com,worker
1072,Melanie,Septima,Melanie.Septima@yopmail.com,firefighter
1073,Xylina,Sasnett,Xylina.Sasnett@yopmail.com,firefighter
1074,Genovera,Byrne,Gechoice1ubrie.Campball@yopmail.com,firefighter
1078,Candy,Morrill,Candy.Morrill@yopmail.com,developer
1079,Di,Holtz,Di.Holtz@yopmail.com,developer
1080,Elora,Ball,Elora.Ball@yopmail.com,firefighter
1081,Sidoney,Dom,Sidoney.Dom@yopmail.com,developer
1082,Gaylene,Mott,Gaylene.Mott@yopmail.com,police officer
1083,Merrie,Tryck,Merrie.Tryck@yopmail.com,developer
1084,Liana,Destinee,Liana.Destinee@yopmail.com,worker
1085,Bibby,Shelba,Bibby.Shelba@yopmail.com,doctor
1086,Consuela,Parette,Consuela.Parette@yopmail.com,worker
1087,Lizzie,Olnee,Lizzie.Olnee@yopmail.com,firefighter
1088,Taffy,Ellord,Taffy.Ellord@yopmail.com,developer
1089,Flory,Salvidor,Flory.Salvidor@yopmail.com,firefighter
1090,Donetta,Alice,Donetta.Alice@yopmail.com,developer
1091,Nonnah,Sekofski,Nonnah.Sekofski@yopmail.com,worker
1092,Tomasina,Shuler,Tomasina.Shuler@yopmail.com,doctor
1093,Ardys,Fry,Ardys.Fry@yopmail.com,police officer
1094,Brandise,Johanna,Brandise.Johanna@yopmail.com,developer
1095,Lorie,Nerita,Lorie.Nerita@yopmail.com,police officer
1096,Max,Cornelia,Max.Cornelia@yopmail.com,police officer
1097,Tilly,Allys,Tilly.Allys@yopmail.com,doctor
1098,Sheree,Loring,Sheree.Loring@yopmail.com,doctor
